<?xml version="1.0" encoding="UTF-8"?>
<!DOCTYPE restaurant SYSTEM "data.dtd">
<restaurant>
<!-- Following topic has been chosen due to my gastronomy hobby-->
	<kitchen>
		<warehouses>
			<warehouse>
				<name>Warehouse A</name>
				<responsible-person>
					<name>&boss;</name>
					<position>
						<chief/>
					</position>
					<shift-reference shiftRef="TeamAlfa"></shift-reference>
				</responsible-person>
				<sanitary-day>
					Inspection is performed every Sunday's morning.
				</sanitary-day>
				<actualization-date>
					<?php echo Last control was performed on Date("d.m.Y")?>
				</actualization-date>
			</warehouse>
			</warehouses>
			<shifts>
				<shift shiftID="TeamAlfa">
						<id>Team Alfa</id>
						<employees>
							<employee employed="yes">
								<name>Lydia Bastianich</name>
								<position>
									<cook/>
								</position>
								<employment-type>
									<part-time-worker/>
								</employment-type>
							</employee>
							<employee employed="yes">
								<name>Gordon Ramsey</name>
								<position>
									<chief/>
								</position>
								<employment-type>
									<full-time-worker/>
								</employment-type>
							</employee>
							<employee employed="yes">
								<name>Luca Manfe</name>
								<position>
									<chief/>
								</position>
								<employment-type>
									<full-time-worker/>
								</employment-type>
							</employee>
						</employees>
					</shift>
					<shift shiftID="TeamBeta">
						<id>Team Beta</id>
						<employees>
							<employee employed="yes">
								<name>Joe Bastianich</name>
								<position>
									<cook/>
								</position>
								<employment-type>
									<full-time-worker/>
								</employment-type>
							</employee>
							<employee employed="yes">
								<name>Jamie Oliver</name>
								<position>
									<chief/>
								</position>
								<employment-type>
									<full-time-worker/>
								</employment-type>
							</employee>
							<employee employed="yes">
								<name>Graham Elliot</name>
								<position>
									<chief/>
								</position>
								<employment-type>
									<part-time-worker/>
								</employment-type>
							</employee>
							<employee employed="yes">
								<name>Franco Pepe</name>
								<position>
									<cook/>
								</position>
								<employment-type>
									<full-time-worker/>
								</employment-type>
							</employee>
						</employees>
					</shift>
			</shifts>
			<list-of-equipment>
				<equipment id="k_sc1" condition="good">Slow Cooker</equipment>
				<equipment id="k_dw1" >Diswaher</equipment>
				<equipment id="k_co" condition="good">Combi oven</equipment>
				<equipment id="k_fz" condition="bad">Freezer</equipment>
				<equipment id="k_fr" condition="average">Fridge</equipment>
				<equipment id="k_pm" condition="bad">Planetary Mixer</equipment>
				<equipment id="k_ms" condition="bad">Meat Slicer</equipment>
				<equipment id="k_ttf" condition="good">Table Top Fryers</equipment>
				<equipment id="k_g" condition="good">Grill</equipment>
				<equipment id="k_mm" condition="average">Meat Mincer</equipment>
			</list-of-equipment>
	</kitchen>
	
	<pizza-corner>
		<warehouses>
			<warehouse>
				<name>Warehouse B</name>
				<responsible-person>
					<name>&boss;</name>
					<position>
						<chief></chief>
					</position>
					<shift-reference shiftRef="TeamAlfa"></shift-reference>
				</responsible-person>
				<sanitary-day>Inspection is performed every Wednesday</sanitary-day>
				<actualization-date><?php echo Last control was performed on Date("d.m.Y")?></actualization-date>
			</warehouse>
		</warehouses>
		<responsible-person>
			<name>Franco Pepe</name>
			<position>
				Current candidate for promotion.
				<cook></cook>
			</position>
			<shift-reference shiftRef="TeamBeta"></shift-reference>
		</responsible-person>
		<list-of-equipment>
			<equipment id="pp_po" condition="good">Pizza Oven</equipment>
			<equipment id="pp_t" condition="good">Pizza Table</equipment>
		</list-of-equipment>
	</pizza-corner>
	
	<bar>
		<shifts>
			<shift shiftID="TeamAlfaBar">
				<id>Team Alfa Bar</id>
				<employees>
					<employee employed="yes">
						<name>Jean Pierre White</name>
						<position><owner/></position>
						<employment-type>
							<full-time-worker></full-time-worker>
						</employment-type>
					</employee>
					<employee employed="yes">
						<name>Seth Cohen</name>
						<position><waiter></waiter></position>
						<employment-type>
							<full-time-worker></full-time-worker>
						</employment-type>
					</employee>
					<employee employed="yes">
						<name>Marisa Cooper</name>
						<position><waiter></waiter></position>
						<employment-type>
							<full-time-worker></full-time-worker>
						</employment-type>
					</employee>
				</employees>
			</shift>
			<shift shiftID="TeamBetaBar">
				<id>Team Alfa Bar</id>
				<employees>
					<employee employed="yes">
						<name>Jean Pierre White</name>
						<position><owner/></position>
						<employment-type>
							<full-time-worker></full-time-worker>
						</employment-type>
					</employee>
					<employee employed="yes">
						<name>Bryan Atwood</name>
						<position><waiter></waiter></position>
						<employment-type>
							<full-time-worker></full-time-worker>
						</employment-type>
					</employee>
					<employee employed="yes">
						<name>Summer Roberts</name>
						<position><waiter></waiter></position>
						<employment-type>
							<full-time-worker></full-time-worker>
						</employment-type>
					</employee>
				</employees>
			</shift>
		</shifts>
		<warehouse>
			<name>Warehouse Bar</name>
			<responsible-person>
				<name>Seth Cohen</name>
				<position><waiter></waiter></position>
				<shift-reference shiftRef="TeamAlfaBar"></shift-reference>
			</responsible-person>
			<responsible-person>
				<name>Summer Roberts</name>
				<position><waiter></waiter></position>
				<shift-reference shiftRef="TeamBetaBar"></shift-reference>
			</responsible-person>
			<sanitary-day>Control is performed every Monday and Thursday morning.</sanitary-day>
			<actualization-date><?php echo Last control was performed on Date("d.m.Y")?></actualization-date>
		</warehouse>
		<responsible-person>
			<name>Jean Pierre White</name>
			<position><owner/></position>
			<shift-reference shiftRef="TeamAlfaBar"></shift-reference>
		</responsible-person>
		<list-of-equipment>
			<equipment>Glasses</equipment>
			<equipment id="b_f" condition="good">Faucet</equipment>
		</list-of-equipment>
	</bar>
		
	<guest-area>
		<tables>
			<table tableId="table01">
				<capacity>4</capacity>
				<occupancy>3</occupancy>
			</table>
			<table tableId="table02">
				<capacity>4</capacity>
				<occupancy>0</occupancy>
			</table>
			<table tableId="table03">
				<capacity>6</capacity>
				<occupancy>4</occupancy>
			</table>
			<table tableId="table04">
				<capacity>2</capacity>
				<occupancy>2</occupancy>
			</table>
			<table tableId="table05">
				<capacity>6</capacity>
				<occupancy>6</occupancy>
			</table>
			<table tableId="table06">
				<capacity>2</capacity>
				<occupancy>0</occupancy>
			</table>
			<table tableId="table07">
				<capacity>8</capacity>
				<occupancy>7</occupancy>
			</table>
			<table tableId="table08">
				<capacity>4</capacity>
				<occupancy>4</occupancy>
			</table>
			<table tableId="table09">
				<capacity>16</capacity>
				<occupancy>11</occupancy>
			</table>
			<table tableId="table10">
				<capacity>4</capacity>
				<occupancy>3</occupancy>
			</table>
		</tables>
		
		<![CDATA[
				for table in tables:
					if table.capacity == table.occupancy:
						 table.print(<status>FULL</status>)
					else:
						 table.writeln(<status>AVAILABLE</status>)
			]]>
	</guest-area>
	
</restaurant>